{"termTheme":"dark","layouts":{"layout-1":{"data":{"layout-restorer:data":{"main":{"dock":{"type":"split-area","orientation":"horizontal","children":[{"type":"tab-area","widgets":["notebook:Guide.ipynb"],"currentIndex":0},{"type":"split-area","orientation":"vertical","children":[{"type":"tab-area","widgets":["editor:project/app.js"],"currentIndex":0},{"type":"tab-area","widgets":["terminal:1"],"currentIndex":0}],"sizes":[0.7021555419838825,0.29784445801611753]}],"sizes":[0.2862471214759559,0.7137528785240441]}}}}}}}